{
  "U": [ 0.0025948288699124615, 0.0005968805188967987, 0.09721980199597495, 0.00583674384361505, 0.0060634042102421445, 0.0035466076860808785, 0.0034520139453807623, 0.005479465897547084, 0.0073685471000565815, 0.005845937329923502 ],
  "A": [
    [ 0.07174144379242327, 0.026190404976509308, 0.07172770829311549, 0.021107712348955494, 0.03460159564255317, 0.025983155422231896, 0.04649788785283933, 0.010663596103045504, 0.03361312276887339, 0.013751082699541409 ],
    [ 0.02174420723945822, 0.02972525371643233, 0.007654201319672098, 0.0024752139810431018, 0.10066938285143354, 0.0015804932557745173, 0.01733585547367402, 0.02441517570416718, 0.030716438173246995, 0.0036596572420771563 ],
    [ 0.05868526427384395, 0.0086406943024003, 0.013951051244023224, 0.02741307963996601, 0.008629540773705927, 0.00709709826132551, 0.05411985694834679, 0.009190831419718024, 0.00864187277917243, 0.08110433671020886 ],
    [ 0.01775921550644393, 0.0023947786635182627, 0.027060925730146033, 0.06755944939099555, 0.01254701887690357, 0.004870176400247029, 0.017216619446528584, 0.03264105031163774, 0.0060632184567143135, 0.0046885786634398175 ],
    [ 0.026209664899776414, 0.07030604404949266, 0.006511713298632425, 0.026091454433471235, 0.02038763740413438, 0.005895919723838462, 0.03796388017423955, 0.014330629502577607, 0.023580394115750445, 0.007920322235803754 ],
    [ 0.015472236312364537, 0.0031904951173006, 0.005262587619289183, 0.0028287850472585112, 0.0042661992592521025, 0.061646336346291075, 0.038523862985304184, 0.037282496836770276, 0.012987048046886093, 0.0026245100863017613 ],
    [ 0.07293778984162355, 0.01584477354296215, 0.05836704280785915, 0.027603977167424916, 0.039778192696419176, 0.040650922393369746, 0.02018120035863089, 0.01919434325791161, 0.034045023678854855, 0.031221840342174307 ],
    [ 0.007532774892657444, 0.02257289986898295, 0.009095554303851778, 0.014401843597618374, 0.010108100161365947, 0.0443393934775085, 0.014584049131367672, 0.1280000621656589, 0.02043923050443838, 0.006849180322059736 ],
    [ 0.0557339615443479, 0.061041654181586025, 0.005494264008233998, 0.008209055221190783, 0.022277529636269118, 0.024855091585386034, 0.02072163468170582, 0.0317442147852668, 0.07272873644096968, 0.018487456775782122 ],
    [ 0.015524363148687919, 0.006934959802259562, 0.08671096948982632, 0.006681942381613619, 0.004027793530485496, 0.004806666351117911, 0.04893608120439924, 0.0064074946347788455, 0.0319052251711196, 0.0916738568038223 ]
  ],
  "w": 0.5999999999999999,
  "mean_relative_error": 1.1557879980039516
}