{
  "U": [
    0.0007984891527536618,
    7.904950831723194e-06,
    0.09671467271610101,
    0.004213661820213653,
    0.006469455720798327,
    0.00215169417515512,
    0.002142034884992347,
    0.006739036734217429,
    0.007783460493735765,
    0.004459481664817867
  ],
  "A": [
    [
      0.10025307343292036,
      0.061833956881224304,
      0.004610936660938979,
      0.0033384482734311834,
      0.006401292403985075,
      0.0090714566426254,
      0.0827703812424629,
      0.002711283895338834,
      0.06742556467582106,
      0.02261275871895211
    ],
    [
      0.02018757099564496,
      0.029129903438046122,
      0.06707644516715851,
      0.007051588493145647,
      0.04298985698018555,
      0.0812187025574429,
      0.0021679477261333626,
      0.0012144085824593125,
      0.07446343878613923,
      0.0076439507695305565
    ],
    [
      0.06094817371017951,
      0.009415279173548667,
      0.012857878894036407,
      0.04956053896133108,
      0.018245985901032567,
      0.006371727751596,
      0.06405714308691665,
      0.015469726195587726,
      0.0070768353429849565,
      0.0748558512602045
    ],
    [
      0.010455056257514578,
      0.0049131761012091634,
      0.001721079949231855,
      0.05522822162709836,
      0.0765035491023649,
      0.007182136857540336,
      0.04482922777811257,
      0.0016069435807836024,
      0.0013939250999864907,
      0.0017797789252207105
    ],
    [
      0.022818517607844837,
      0.09551038892687258,
      0.0016240889980090243,
      0.00791565158838528,
      0.055156195825487975,
      0.00903602211477136,
      0.006487664449746131,
      0.03839653713540489,
      0.00753735185139251,
      0.0030551055485184297
    ],
    [
      0.07545404513558192,
      0.0038440726263468416,
      0.0015809953228123213,
      0.004253904136950569,
      0.003995677922071081,
      0.03555706952878675,
      0.08500858754577253,
      0.08974039862001923,
      0.085388176369983,
      0.0063523913270689975
    ],
    [
      0.00015184212618677862,
      0.016992605286951384,
      0.0013294211517089632,
      0.00947198661884946,
      0.06865037839738891,
      0.11449526584611829,
      0.010186566031432236,
      0.06300082458817573,
      0.0026311222239689376,
      0.07443249827877801
    ],
    [
      0.01248000165220377,
      0.08504441653130362,
      0.0022931184166900876,
      0.09350206160338224,
      0.008626238505903187,
      0.06372952018323462,
      0.009757122296446544,
      0.08453040803851611,
      0.06197339846845412,
      0.005612131569893123
    ],
    [
      0.005337125265044099,
      0.012033715196205245,
      0.09984805439931002,
      0.008392235438346269,
      0.026986318311303888,
      0.005718997956058104,
      0.07394563834120287,
      0.005464617363630879,
      0.08863848411094903,
      0.030137238035221968
    ],
    [
      0.005334468637230581,
      0.0032658582999818093,
      0.08441156114117374,
      0.007417672326322426,
      0.01311859282960937,
      0.0021145008009340925,
      0.006236511234384455,
      0.004111013075380384,
      0.0027923106115597942,
      0.06882124125248379
    ]
  ],
  "w": 0.608943581921619,
  "mean_relative_error": 0.16783966708576264
}